-- ─── Seed Users ───────────────────────────────────────────────────────────────
insert into users (id, name, role, class, position, avatar_initials, avatar_color, points, rank, joined_at, is_active) values
('u1',  'אור כהן',        'student', 'י''2',    null,               'אכ', 'bg-blue-500',   420,  'מוביל/ה',   '2024-09-01', true),
('u2',  'מיה לוי',        'student', 'ט''1',    null,               'מל', 'bg-pink-500',   185,  'תורם/ת',    '2024-09-01', true),
('u3',  'יונתן בן-דוד',   'student', 'י"א3',   null,               'יב', 'bg-green-500',  730,  'מאסטר/ית',  '2023-09-01', true),
('u4',  'נעמה שפירא',     'student', 'ח''2',   null,               'נש', 'bg-purple-500',  60,  'פעיל/ה',    '2024-09-01', true),
('u5',  'דניאל מזרחי',    'student', 'י''4',    null,               'דמ', 'bg-amber-500',  310,  'תורם/ת',    '2024-09-01', true),
('u6',  'שיר אביב',       'student', 'י"א1',   null,               'שא', 'bg-teal-500',    25,  'מתחיל/ה',   '2025-01-15', true),
('u7',  'גב'' רחל גולן',  'teacher', null,      'מורה למתמטיקה',   'רג', 'bg-indigo-500', 540,  'מוביל/ה',   '2023-09-01', true),
('u8',  'מר אמיר שלום',   'teacher', null,      'מורה לאנגלית',    'אש', 'bg-cyan-500',   870,  'מאסטר/ית',  '2022-09-01', true),
('u9',  'דבורה כץ',       'staff',   null,      'רכזת חברתית',     'דכ', 'bg-rose-500',   410,  'מוביל/ה',   '2023-09-01', true),
('u10', 'מנחם הרצוג',     'admin',   null,      'מנהל מערכת',      'מה', 'bg-slate-600', 1200,  'מאסטר/ית',  '2022-09-01', true),
('u11', 'תמר ניסים',      'student', 'ט''3',    null,               'תנ', 'bg-orange-500',  95,  'פעיל/ה',    '2024-09-01', true),
('u12', 'ליאור פרידמן',   'student', 'י"ב2',   null,               'לפ', 'bg-lime-500',   510,  'מוביל/ה',   '2022-09-01', true)
on conflict (id) do nothing;

-- ─── Seed Help Requests ───────────────────────────────────────────────────────
insert into help_requests (id, title, category, description, target_audience, "when", status, urgency, helpers_needed, assigned_helper_ids, volunteer_ids, created_by_id, created_at, updated_at, requires_staff_approval, contact_person, approval_status) values
('r1', 'עזרה בהכנה לבגרות במתמטיקה 5 יחידות', 'לימודי',
 'אני צריכה עזרה בהכנה לבגרות במתמטיקה 5 יחידות, בעיקר בנושא מחשבון גרפי ופונקציות. מחפשת מישהו שיכול לעזור שעתיים בשבוע לפחות עד מועד א''.',
 'תלמידים וצוות מורים', 'ינואר–מרץ 2025, פעמיים בשבוע',
 'פתוח', 'גבוהה', 1, '{}', '{u3}', 'u2', '2025-01-10T10:00:00Z', '2025-01-12T09:00:00Z', false, 'מיה לוי', 'approved'),

('r2', 'תיקון ומיחזור מחשבים ישנים של בית הספר', 'טכני',
 'יש לנו 8 מחשבים ישנים שצריכים בדיקה, ניקוי וארגון מחדש. מחפשים תלמידים שמבינים בטכנולוגיה שיעזרו לנו להחיות אותם ולתרום אותם לכיתות.',
 'תלמידים עם רקע טכני', 'ינואר 2025, כשבוע עבודה',
 'בטיפול', 'בינונית', 3, '{u3,u5}', '{u3,u5,u6}', 'u9', '2025-01-05T08:00:00Z', '2025-01-11T14:00:00Z', true, 'דבורה כץ', 'approved'),

('r3', 'חברה לפרויקט אמנות – עיצוב לוגו לעיתון בית הספר', 'יצירתי',
 'מחפשת שותפ/ה ליצירה – צריכים לעצב לוגו חדש ומרגש לעיתון הבית ספרי ''קולות''. יש ניסיון בעיצוב? תואמ/ת מושלמ/ת!',
 'תלמידים עם יכולות עיצוב', 'פברואר 2025',
 'פתוח', 'נמוכה', 2, '{}', '{}', 'u4', '2025-01-08T15:30:00Z', '2025-01-08T15:30:00Z', false, 'נעמה שפירא', 'approved'),

('r4', 'עזרה בארגון טקס יום הזיכרון', 'אירועים בית ספריים',
 'בית הספר מארגן טקס יום הזיכרון לחללי צה"ל. אנחנו מחפשים תלמידים שרוצים לעזור בהפקה – קריינות, סידור כיסאות, קריאת שמות, ליווי משפחות.',
 'כלל התלמידים', 'אפריל 2025',
 'פתוח', 'בינונית', 8, '{u1,u12}', '{u1,u2,u12,u11}', 'u7', '2025-01-09T11:00:00Z', '2025-01-13T10:00:00Z', true, 'גב'' רחל גולן', 'approved'),

('r5', 'חניכה לתלמיד חדש שהצטרף לכיתה ח''', 'חברתי',
 'הצטרף אלינו תלמיד חדש לכיתה ח''2. הוא עלה לאחרונה ועברית שוטפת עוד בהתפתחות. מחפשים תלמיד/ה חמימ/ת שיסייע לו להשתלב חברתית ולימודית.',
 'תלמידים כיתות ח''–ט''', 'מיידי, לאורך המחצית',
 'בטיפול', 'דחוף', 1, '{u11}', '{u11}', 'u7', '2025-01-06T08:30:00Z', '2025-01-10T09:00:00Z', true, 'גב'' רחל גולן', 'approved'),

('r6', 'ריכוז ועדכון לוח הזמנים של הספרייה', 'ארגוני',
 'הספרייה זקוקה לעזרה בעדכון מלאי הספרים, סידור המדפים מחדש ויצירת לוח השאלה דיגיטלי. עבודה מסודרת ומשתלמת.',
 'תלמידים וצוות', 'ינואר–פברואר 2025',
 'פתוח', 'נמוכה', 2, '{}', '{u6}', 'u9', '2025-01-03T12:00:00Z', '2025-01-07T11:00:00Z', false, 'דבורה כץ', 'approved'),

('r7', 'הכנת מצגת לפרויקט בהיסטוריה', 'לימודי',
 'אני לא כל כך מצליחה לארגן את המחקר שלי לפרויקט בהיסטוריה (נושא: המנדט הבריטי). מחפשת מישהו שיעזור לי לסדר את החומר ולהכין מצגת ב-PowerPoint.',
 'תלמידים', 'ינואר 2025, עד סוף החודש',
 'הושלם', 'גבוהה', 1, '{u3}', '{u3}', 'u4', '2024-12-20T14:00:00Z', '2025-01-08T17:00:00Z', false, 'נעמה שפירא', 'approved'),

('r8', 'שיעורי אנגלית לבגרות – קבוצת לימוד', 'לימודי',
 'מחפשים תלמידים ברמת אנגלית גבוהה שמוכנים לנהל קבוצת לימוד לקראת בגרות. מר שלום מוכן לתמוך ולתאם. מחפשים 2–3 מתנדבים.',
 'תלמידי י'' ו-י"א', 'פברואר–מרץ 2025, אחת לשבוע',
 'פתוח', 'בינונית', 3, '{}', '{u12}', 'u8', '2025-01-11T10:30:00Z', '2025-01-11T10:30:00Z', true, 'מר אמיר שלום', 'approved'),

('r9', 'עזרה בהקמת גינה קהילתית בחצר', 'קהילתי',
 'בית הספר מתכנן להקים גינה קהילתית בחצר הפנימית. מחפשים תלמידים שאוהבים טבע, חקלאות, ורוצים להשתתף בתכנון, שתילה ותחזוקה שוטפת.',
 'כלל התלמידים והורים', 'פברואר–מאי 2025',
 'פתוח', 'נמוכה', 5, '{}', '{u1,u2,u4}', 'u9', '2025-01-07T09:00:00Z', '2025-01-14T08:00:00Z', true, 'דבורה כץ', 'approved'),

('r10', 'קבוצת תמיכה לתלמידים חרדים לבחינות', 'חברתי',
 'רוצה לייסד קבוצת תמיכה רגשית לתלמידים שסובלים מחרדת בחינות. מחפשת חברים שעברו דבר דומה ומוכנים לשתף.',
 'תלמידי י''–י"ב', 'לפני כל מועד בחינות',
 'פתוח', 'גבוהה', 4, '{}', '{}', 'u6', '2025-04-10T08:30:00Z', '2025-04-10T08:30:00Z', false, 'שיר אביב', 'pending'),

('r11', 'עזרה בהפקת סרטון לסיום שנה', 'יצירתי',
 'מחפשים עורכי וידאו ומצלמים שיעזרו להפיק סרטון תודה מיוחד לכבוד סיום שנת הלימודים. ניסיון בעריכה יתרון.',
 'כלל התלמידים', 'מאי–יוני 2025',
 'פתוח', 'בינונית', 3, '{}', '{}', 'u1', '2025-04-10T10:00:00Z', '2025-04-10T10:00:00Z', false, 'אור כהן', 'pending')
on conflict (id) do nothing;

-- ─── Seed Request Updates ─────────────────────────────────────────────────────
insert into request_updates (id, request_id, text, author_id, created_at, is_staff_note) values
('upd1', 'r1', 'יש מתנדב ראשון! נא לאשר התאמה.', 'u9', '2025-01-12T09:00:00Z', true),
('upd2', 'r2', 'שני תלמידים הצטרפו לפרויקט. נתחיל ביום שלישי בצהריים.', 'u9', '2025-01-11T14:00:00Z', false),
('upd3', 'r4', 'ארבעה תלמידים הצטרפו. עדיין צריכים עוד ארבעה!', 'u7', '2025-01-13T10:00:00Z', false),
('upd4', 'r5', 'תמר ניסים קיבלה את המשימה. סיכמנו שאחת לשבוע הן נפגשות לארוחת צהריים.', 'u7', '2025-01-10T09:00:00Z', false),
('upd5', 'r7', 'הפרויקט הוגש! תודה עצומה ליונתן שעזר לי להבין את הנושא ולארגן את החומר.', 'u4', '2025-01-08T17:00:00Z', false)
on conflict (id) do nothing;

-- ─── Seed Helper Profiles ─────────────────────────────────────────────────────
insert into helper_profiles (id, user_id, skills, availability, bio, categories, is_approved, help_count, approval_status, submitted_at) values
('h1', 'u3', '{"מתמטיקה","פיזיקה","תכנות","מחשבים"}',
 'ימי ב'' ו-ד'' אחה"צ, סופי שבוע לפי תיאום',
 'תלמיד י"א שאוהב מדעים וטכנולוגיה. עזרתי עד כה ל-12 תלמידים ומרגיש שזה הדבר הכי שווה שעשיתי בחיי הבית ספריים.',
 '{"לימודי","טכני"}', true, 12, 'approved', '2024-09-05T10:00:00Z'),

('h2', 'u1', '{"כתיבה יוצרת","עריכה","עברית","ספרות"}',
 'ימי א'' ו-ג'' בצהריים',
 'אוהבת לכתוב ולעזור לאחרים לבטא את עצמם. אם יש לך קושי בחיבורים או בעבודות כתיבה – בואי נשב ביחד.',
 '{"לימודי","יצירתי"}', true, 7, 'approved', '2024-09-06T11:00:00Z'),

('h3', 'u5', '{"עיצוב גרפי","Canva","PowerPoint","מולטימדיה"}',
 'גמיש – לפי תיאום מראש',
 'מתעסק בעיצוב גרפי כתחביב וגם כמקצוע עתידי. אשמח לעזור בכל מה שקשור לעיצוב, מצגות, פליירים ולוגואים.',
 '{"יצירתי","ארגוני"}', true, 5, 'approved', '2024-09-07T09:00:00Z'),

('h4', 'u12', '{"אנגלית","תרגום","הכנה לבגרות"}',
 'ימי ג'' וה'' 14:00–16:00',
 'גדלתי בחו"ל וחזרתי לארץ לפני 3 שנים. האנגלית שלי ברמת שפת אם. אשמח לעזור לכולם להשתפר.',
 '{"לימודי"}', true, 9, 'approved', '2024-09-08T12:00:00Z'),

('h5', 'u11', '{"קשרים חברתיים","חיבור אנשים","אירוח"}',
 'כל יום בצהריים',
 'אני אוהבת לפגוש אנשים חדשים ולעזור לכולם להרגיש שייכים. מאמינה שבית ספר טוב זה בית ספר שבו כולם מרגישים בבית.',
 '{"חברתי","אירועים בית ספריים"}', true, 4, 'approved', '2024-09-09T10:00:00Z'),

('h6', 'u8', '{"אנגלית","הוראה","הנחיה"}',
 'שעת הפסקה גדולה ואחרי שיעורים לפי תיאום',
 'מורה לאנגלית עם 12 שנות ניסיון. מציע ייעוץ אישי לתלמידים המתכוננים לבגרות ולמבחנים בינלאומיים.',
 '{"לימודי"}', true, 21, 'approved', '2024-09-03T08:00:00Z'),

('h7', 'u4', '{"ציור","אמנות","עיצוב","יצירה ידנית"}',
 'ימי א'' ו-ה'' בהפסקה הגדולה',
 'אני אוהבת אמנות מגיל קטן. יש לי ניסיון בציור, פסל ועיצוב. אשמח לעזור לכל מי שצריך עזרה בפרויקטים יצירתיים.',
 '{"יצירתי"}', false, 0, 'pending', '2025-04-10T09:15:00Z'),

('h8', 'u2', '{"ספרות","עברית","סיפור סיפורים"}',
 'ימי ב'' בצהריים',
 'מאוד אוהבת ספרות עברית וקריאה. רוצה לעזור לחברים שמתקשים בקריאה ובהבנת טקסטים.',
 '{"לימודי","יצירתי"}', false, 0, 'pending', '2025-04-10T11:00:00Z')
on conflict (id) do nothing;

-- ─── Seed Points Events ───────────────────────────────────────────────────────
insert into points_events (id, user_id, points, reason, event_type, created_at, related_request_id) values
('pe1', 'u3', 30, 'השלמת עזרה בפרויקט היסטוריה',      'complete',          '2025-01-08T17:00:00Z', 'r7'),
('pe2', 'u3', 10, 'התנדבות לעזרה במחשבים',             'volunteer',         '2025-01-06T10:00:00Z', 'r2'),
('pe3', 'u1', 10, 'התנדבות לטקס יום הזיכרון',          'volunteer',         '2025-01-10T09:00:00Z', 'r4'),
('pe4', 'u1',  5, 'פרסום בקשה לגינה קהילתית',          'publish_request',   '2025-01-07T09:00:00Z', 'r9'),
('pe5', 'u11', 25, 'פרופיל עוזר אושר',                 'profile_approved',  '2025-01-09T11:00:00Z', null),
('pe6', 'u11', 10, 'התנדבות לחניכת תלמיד חדש',         'volunteer',         '2025-01-10T09:00:00Z', 'r5'),
('pe7', 'u3',  20, 'קבלת משוב חיובי מנעמה שפירא',      'feedback_received', '2025-01-09T08:00:00Z', 'r7'),
('pe8', 'u12', 10, 'התנדבות לקבוצת לימוד אנגלית',      'volunteer',         '2025-01-11T11:00:00Z', 'r8')
on conflict (id) do nothing;
